﻿<?xml version="1.0" encoding="utf-8"?><package name="Своя игра. Мультфильмы и не только #1" version="4" id="8611abe6-b026-460a-af49-74c55db515be" difficulty="5" xmlns="http://ur-quan1986.narod.ru/ygpackage3.0.xsd"><tags><tag>Мультфильмы</tag></tags><info><authors><author>скомпилировал Keringlore</author></authors><sources><source>Своя игра "Мультфильмы" ~2011г., автор Павел Рехтман</source></sources><comments>без расстановки спецвопросов, отзывы пишем на csibox@yandex.ru</comments></info><rounds><round name="1-й раунд"><themes><theme name="Цитаты из мультфильмов"><questions><question price="100"><scenario><atom>– А помнишь, как ты меня гонял?
 — Так я ведь…
 — Ага. Работа такая… Теперь, как я</atom></scenario><right><answer>Жил-был пес</answer></right></question><question price="200"><scenario><atom>– Вот думаю, сейчас придешь, сядем, чайку попьем с малиновым вареньем – ты ведь малиновое варенье несешь, да? А я и самовар раздул, и веточек этих…
 — Можжевеловых</atom></scenario><right><answer>Ежик в тумане</answer></right></question><question price="300"><scenario><atom>– А давайте подождем, пока бусурманы там от голода сдохнут!
 — Ну…или ослабнут</atom></scenario><right><answer>Алеша Попович и Тугарин Змей</answer></right></question><question price="400"><scenario><atom>– Я тебе лестницу, ты мне – корону</atom></scenario><right><answer>Летучий корабль</answer></right></question><question price="500"><scenario><atom>– Пойдем искать где-нибудь чего-нибудь, узнавать что-нибудь у кого-нибудь</atom></scenario><right><answer>Заяц Коська и Родничок</answer></right></question></questions></theme><theme name="Литературные существа"><questions><question price="100"><scenario><atom>Эти существа долго шли, но наконец-то дошли и уничтожили кольцо</atom></scenario><right><answer>Хоббиты</answer></right></question><question price="200"><scenario><atom>Согласно легенды его будущая мать, чтобы привлечь его будущего отца ложилась на деревянную корову</atom></scenario><right><answer>Минотавр</answer></right></question><question price="300"><scenario><atom>Это существо, встречающееся например у Джоан Роулинг, по сути является смесью льва, орла и коня</atom></scenario><right><answer>Гиппогриф</answer></right></question><question price="400"><scenario><atom>Он написал своему другу следующее письмо: «Спи спокойно и не горюй. В первый же теплый весенний день я вернусь к тебе. Жди меня, будем вместе строить запруду»</atom></scenario><right><answer>Снусмумрик</answer></right></question><question price="500"><scenario><atom>Именно ими были Моховая Борода, Полботинка и Муфта</atom></scenario><right><answer>Накситрали</answer></right></question></questions></theme><theme name="Квиддич"><questions><question price="100"><scenario><atom>В этой книге о Гарри Поттере не описывается ни одного матча по квиддичу</atom></scenario><right><answer>Гарри Поттер и дары смерти</answer></right></question><question price="200"><scenario><atom>Именно столько очков получает команда, если ее игрок поймает снитч</atom></scenario><right><answer>150</answer></right></question><question price="300"><scenario><atom>Она участвовала в 3-х играх и во всех 3-х поймала снитч</atom></scenario><right><answer>Джинни Уизли</answer></right></question><question price="400"><scenario><atom>Гарри Поттер был ловцом в 9 играх. Итог 7 побед и 2 поражения. А от кого были эти поражения</atom></scenario><right><answer>Пуффендуй (оба)</answer><answer>Пуффендуй</answer></right></question><question price="500"><scenario><atom>Джоан Роулинг написала эту книгу в 2001 году, хотя в романах о Гарри Поттере ее автором называется Кентильворти Висп</atom></scenario><right><answer>Квиддич сквозь века</answer></right></question></questions></theme><theme name="М/с Черный плащ"><questions><question price="100"><scenario><atom>Герой м/с «Черный плащ» Эдгар Клювер – это намек на этого человека</atom></scenario><right><answer>Эдгар Гувер</answer></right></question><question price="200"><scenario><atom>Так зовут лучшего друга Гусены</atom></scenario><right><answer>Гога Мадлфут</answer></right></question><question price="300"><scenario><atom>Этот злодей – бывший изготовитель игрушек</atom></scenario><right><answer>Квага</answer></right></question><question price="400"><scenario><atom>Этот ученый-злодей в результате опытов на самом себе получил способности к регенерации, телепатическому управлению растениями и фотосинтезу</atom></scenario><right><answer>Профессор Реджинальд Бушрут</answer><answer>Бушрут</answer></right></question><question price="500"><scenario><atom>Таковы настоящие имя и фамилия Черного плаща</atom></scenario><right><answer>Кряк Лапчатый</answer></right></question></questions></theme><theme name="Сказка про Федота-стрельца"><questions><question price="100"><scenario><atom>Именно ОН является автором сказки «Про Федота-стрельца, удалого молодца»</atom></scenario><right><answer>Леонид Филатов</answer></right></question><question price="200"><scenario><atom>Именно это отвечал английский посол на все вопросы царя</atom></scenario><right><answer>Йес</answer><answer>yes</answer></right></question><question price="300"><scenario><atom>Именно такое было первое задание, которое придумала Баба Яга для Федота</atom></scenario><right><answer>Добыть ковер шитый золотом</answer></right></question><question price="400"><scenario><atom>Именно так звали двух дюжих молодцев, которых вызывала Маруся</atom></scenario><right><answer>Тит Кузьмич, Фрол Фомич</answer></right></question><question price="500"><scenario><atom>По ее словам, когда она слушала сказку в исполнении Леонида Филатова у них в театре, то ползала от смеха по полу, поэтому без раздумий согласилась озвучивать Марусю в одноименном мультфильме 2008 года</atom></scenario><right><answer>Чулпан Хаматова</answer></right></question></questions></theme></themes></round><round name="2-й раунд"><themes><theme name="М/с Чип и Дейл спешат на помощь"><questions><question price="200"><scenario><atom>Именно он носит мягкую фетровую шляпу</atom></scenario><right><answer>Чип</answer></right></question><question price="400"><scenario><atom>В оригинале его зовут Zipper the Fly</atom></scenario><right><answer>Вжик</answer></right></question><question price="600"><scenario><atom>Именно столько подчиненных у Толстопуза</atom></scenario><right><answer>4 (кот, крот, ящерица, крыса)</answer><answer>4</answer><answer>Четыре</answer></right></question><question price="800"><scenario><atom>Именно таковы имя и фамилия безумного ученого – врага спасателей</atom></scenario><right><answer>Нортон Нимнул</answer></right></question><question price="1000"><scenario><atom>По словам Рокки, он был воспитан именно там</atom></scenario><right><answer>В стае кенгуру</answer></right></question></questions></theme><theme name="Болек и Лелик"><questions><question price="200"><scenario><atom>Именно в этой стране был снять м/с «Болек и Лелик»</atom></scenario><right><answer>Польша</answer></right></question><question price="400"><scenario><atom>В городах Ольштын, Зелена-Гура и некоторых других, в честь главных героев м/с названы именно ОНИ</atom></scenario><right><answer>Улицы</answer></right></question><question price="600"><scenario><atom>Прототипом главных героев м/с для режиссера Владислава Негребецкого послужили именно ОНИ</atom></scenario><right><answer>Его сыновья</answer><answer>Сыновья</answer></right></question><question price="800"><scenario><atom>Болек и Лелик являются диминутивами этих имен</atom></scenario><right><answer>Болеслав, Кароль</answer></right></question><question price="1000"><scenario><atom>«Болек и Лелик» это единственный анимационный фильм, допущенный на телевидение ЭТОЙ страны после того, как в ней произошла революция 1979 года</atom></scenario><right><answer>Иран</answer></right></question></questions></theme><theme name="Старик Хоттабыч"><questions><question price="200"><scenario><atom>Именно об этой стране должен был рассказывать Волька на экзамене по географии</atom></scenario><right><answer>Индия</answer></right></question><question price="400"><scenario><atom>Именно он был звеньевым звена Вольки Костылькова</atom></scenario><right><answer>Женя Богорад</answer></right></question><question price="600"><scenario><atom>Именно так звали брата Хоттабыча</atom></scenario><right><answer>Омар Юсуф</answer></right></question><question price="800"><scenario><atom>Именно так назывался ковер-гидросамолет на котором путешествовали герои произведения</atom></scenario><right><answer>ВК-1</answer></right></question><question price="1000"><scenario><atom>В начале произведения говорится, что Волька был учеником этого класса</atom></scenario><right><answer>Шестого</answer><answer>6</answer></right></question></questions></theme><theme name="Отрывки из разных сказок"><questions><question price="200"><scenario><atom>« Море вздуется бурливо
 Зашипит, подымет вой,
 Хлынет на берег пустой,
 Разольется в шумном беге,
 И очутятся на бреге, в чешуе, как жар горя,
 Тридцать три богатыря</atom></scenario><right><answer>Сказка о царе Салтане</answer></right></question><question price="400"><scenario><atom>«…Они взяли хорошенькую кроватку и уплыли с ней, а девочка осталась одна-одинешенька на зеленом листе и горько плакала – ей вовсе не хотелось жить у гадкой жабы и выйти замуж за ее гадкого сына»</atom></scenario><right><answer>Дюймовочка</answer></right></question><question price="600"><scenario><atom>«Все покинули меня, — горько размышлял бывший король Изумрудного города. – Все, кто льстил мне в дни моего могущества, кто превозносил меня до небес, все теперь восхваляют маленькую Элли и Великана из-за гор»</atom></scenario><right><answer>Огненный бог Морранов</answer></right></question><question price="800"><scenario><atom>«Побежал разбойник со всех ног к атаману и доложил: «В доме там поселилась страшная ведьма! Она мне в лицо дохнула и своими длинными пальцами поцарапала! А у дверей стоит человек с ножом — мне им в ногу пырнул! А на дворе дрыхнет какое-то черное чудище, которое на меня с дубиной на-
кинулось. А на самом-то верху сидит судья да как крикнет: «Давай его, плута, сюда!» Едва-едва я оттуда и ноги уволок!»</atom></scenario><right><answer>Бременские музыканты</answer></right></question><question price="1000"><scenario><atom>«Кот ответил не сразу. Он уселся, обвил хвостом передние лапы и посмотрел на мальчика. Это был огромный черный кот, с большим белым пятном на груди. Его гладкая шерстка так и блестела на солнце. Вид у кота был вполне добродушный. Он даже втянул свои когти и зажмурил желтые глаза с
узенькой-преузенькой полоской посредине»</atom></scenario><right><answer>Чудесное путешествие Нильса с дикими гусями</answer></right></question></questions></theme><theme name="М/с Утиные истории"><questions><question price="200"><scenario><atom>Так звали горничную Скруджа МакДака</atom></scenario><right><answer>Миссис Клювдия</answer></right></question><question price="400"><scenario><atom>Именно он оставил своих племянников на воспитание Скруджу</atom></scenario><right><answer>Дональд Дак</answer></right></question><question price="600"><scenario><atom>Именно так зовут дворецкого Скруджа</atom></scenario><right><answer>Дакворт</answer></right></question><question price="800"><scenario><atom>В синюю одежду был одет именно этот утенок</atom></scenario><right><answer>Вилли</answer></right></question><question price="1000"><scenario><atom>Именно так зовут любимую куклу Понночки</atom></scenario><right><answer>Кряки</answer></right></question></questions></theme></themes></round><round name="3-й раунд"><info><comments>Комментарий</comments></info><themes><theme name="Голливудские мультяшные собаки"><questions><question price="300"><scenario><atom>Из шкурок собак этой породы хотела пошить себе шубу мисс де Виль</atom></scenario><right><answer>Далмантинцы</answer></right></question><question price="600"><scenario><atom>Знакомый этого пса передвигался в середине прозрачного шара</atom></scenario><right><answer>Вольт</answer></right></question><question price="900"><scenario><atom>Велма, Фред, Дафна, Шегги и он вместе составляют корпорацию «Тайна»</atom></scenario><right><answer>Скуби Ду</answer></right></question><question price="1200"><scenario><atom>Он был официальным символом французской сборной на Олимпиаде 1980 года</atom></scenario><right><answer>Гуфи</answer></right></question><question price="1500"><scenario><atom>Этот мультфильм, продюсером которого является Стивен Спилберг, рассказывает о псе, который спасает детей на Аляске от дифтерии, вовремя доставив им лекарство</atom></scenario><right><answer>Болто</answer></right></question></questions></theme><theme name="Сюжеты сказок А. Роу"><questions><question price="300"><scenario><atom>«Жила-была хорошая, добрая девушка Настенька. Злая мачеха заставляла ее работать, не давая продыху. Однажды мачеха решила избавиться от Настеньки и отправила ее замерзать в лес «</atom></scenario><right><answer>Морозко</answer></right></question><question price="600"><scenario><atom>«Жил да был царь Еремей. Отправился он в годовой поход, чтобы составить опись своего царства-государства. Наклонился он как-то к колодцу напиться, но тут его и схватил подводный царь Чудо-Юдо»</atom></scenario><right><answer>Варвара-краса, длинная коса</answer></right></question><question price="900"><scenario><atom>«Отставной солдат-барабанщик помогает Иванушке вернуть его маму, похищенную водяным царем Водокрутом Тринадцатым»</atom></scenario><right><answer>Марья-искусница</answer></right></question><question price="1200"><scenario><atom>«Герой фильма Вася как-то отправился в лес уголь жечь. И там, на полянке, ему повстречалась Настенька, которая пасла свою козочку Белочку. Молодые люди влюбились друг в друга, но слуги Кощея похитили девушку…»</atom></scenario><right><answer>Огонь, вода и медные трубы</answer></right></question><question price="1500"><scenario><atom>«Жила-была русская женщина Евдокия и две ее дочери. Но однажды Баба-Яга похитила девочек и превратила их в ланей»</atom></scenario><right><answer>Золотые рога</answer></right></question></questions></theme><theme name="Творчество Астрид Линдгрен"><questions><question price="300"><scenario><atom>Его лучшими друзьями были Андерс и Ева-Лотта</atom></scenario><right><answer>Калле Блюмквист</answer><answer>Блюмквист</answer></right></question><question price="600"><scenario><atom>На вопрос о том, кто ее родители она отвечала, что ее мама ангел, а папа негритянский король</atom></scenario><right><answer>Пеппи Длинныйчулок</answer></right></question><question price="900"><scenario><atom>Один раз он засунул голову в супницу и не мог оттуда ее вытащить</atom></scenario><right><answer>Эмиль из Леннеберги</answer><answer>Эмиль</answer></right></question><question price="1200"><scenario><atom>Именно в этой деревне жила Лиззи со своими братьями Лассе и Боссе</atom></scenario><right><answer>Бюллербю</answer></right></question><question price="1500"><scenario><atom>Именно по этой причине Пеппи, Томми и Аника, находясь на острове Куррекурредут, решили, что черная кожа лучше белой</atom></scenario><right><answer>Она здорово выглядит на фоне белого песка</answer></right></question></questions></theme><theme name="Современные российские мультфильмы"><questions><question price="300"><scenario><atom>В 2000 году был снят третий мультфильм об их приключениях, в котором, например, есть банк «Бяки-Буки»</atom></scenario><right><answer>Бременские музыканты</answer></right></question><question price="600"><scenario><atom>Именно так звали маленькую гусеничку, которая мечтала о полете в одноименном российском мультфильме</atom></scenario><right><answer>Гагарин</answer></right></question><question price="900"><scenario><atom>Именно он озвучил Василевса в мультфильме «Илья Муромец и Соловей-разбойник»</atom></scenario><right><answer>Олег Табаков</answer><answer>Табаков</answer></right></question><question price="1200"><scenario><atom>В этом мультфильме белый медвежонок находит себе новых друзей и спасает Антарктиду от злого робота</atom></scenario><right><answer>Элька</answer></right></question><question price="1500"><scenario><atom>Эта музыкальная кинокомедия – первый анимационный фильм, снятый в 3D формате</atom></scenario><right><answer>Приключения Аленушки и Еремы</answer></right></question></questions></theme><theme name="Приключения поросенка Фунтика"><questions><question price="300"><scenario><atom>Именно он озвучивал дядюшку Мокуса в мультфильме про Фунтика</atom></scenario><right><answer>Армен Джигарханян</answer><answer>Джигарханян</answer></right></question><question price="600"><scenario><atom>Кроме всего прочего, Фунтик просил деньги на домики для них</atom></scenario><right><answer>Для бездомных поросят</answer></right></question><question price="900"><scenario><atom>Именно столько серий было снято о приключениях Фунтика</atom></scenario><right><answer>Четыре</answer><answer>4</answer></right></question><question price="1200"><scenario><atom>Именно она озвучивала госпожу Белладонну</atom></scenario><right><answer>Ольга Аросева</answer></right></question><question price="1500"><scenario><atom>Именно такое танцевальное имя было у начальника полиции</atom></scenario><right><answer>Фокстрот</answer></right></question></questions></theme></themes></round></rounds></package>